id,pref,pacote,grupo,part,order
2001,2,3,1,2,2
2002,1,1,1,2,1
2003,2,6,3,2,1
2004,2,5,2,2,1
2005,1,2,4,1,
2006,2,3,3,2,1
2007,1,2,3,2,2
2008,1,1,3,2,1
2009,1,5,1,1,
2010,2,3,2,2,2
2011,1,4,2,2,1
2012,1,6,4,2,2
2013,1,2,4,2,1
2014,2,2,4,2,2
2015,1,2,4,2,2
2016,2,1,2,1,
2017,1,2,2,2,1
2018,2,1,2,2,2
2019,1,6,1,2,1
2020,2,5,4,1,
2021,2,2,4,1,
2022,2,4,1,2,2
2023,2,4,3,2,2
2024,1,4,4,1,
2025,2,6,3,2,2
2026,2,1,2,2,1
2027,2,2,2,1,
2028,2,5,1,2,2
2029,1,4,1,2,1
2030,2,5,3,2,2
2031,1,6,4,2,1
2032,2,1,3,1,
2033,2,3,3,2,2
2034,1,3,4,2,2
2035,2,6,2,2,1
2036,2,5,4,2,1
2037,2,4,3,2,1
2038,2,2,3,1,
2039,2,6,1,2,2
2040,2,1,1,2,1
2041,1,2,3,1,
2042,1,4,3,1,
2043,1,5,4,2,1
2044,2,6,3,1,
2045,1,2,2,2,2
2046,2,5,4,2,2
2047,2,5,1,2,1
2048,1,5,3,2,1
2049,2,5,1,1,
2050,1,5,1,2,1
2051,1,3,1,2,1
2052,2,2,4,2,1
2053,1,6,3,1,
2054,2,4,4,2,1
2055,2,1,3,2,2
2056,1,3,1,1,
2057,2,4,1,2,1
2058,2,1,4,2,2
2059,2,3,4,1,
2060,2,4,4,2,2
2061,2,6,1,2,1
2062,1,1,2,1,
2063,2,1,3,2,1
2064,1,1,2,2,1
2065,1,4,1,1,
2066,2,2,3,2,2
2067,2,2,2,2,2
2068,1,4,3,2,2
2069,2,6,4,1,
2070,2,2,1,1,
2071,1,3,3,2,1
2072,2,2,3,2,1
2073,2,3,4,2,1
2074,1,4,2,2,2
2075,1,6,1,1,
2076,1,3,2,1,
2077,2,5,3,1,
2078,1,5,3,1,
2079,1,1,2,2,2
2080,1,3,4,1,
2081,1,5,2,1,
2082,1,5,2,2,1
2083,1,1,3,2,2
2084,1,6,2,1,
2085,1,5,3,2,2
2086,1,3,3,1,
2087,2,3,1,2,1
2088,2,4,4,1,
2089,2,1,1,1,
2090,2,3,3,1,
2091,1,2,2,1,
2092,2,1,1,2,2
2093,1,2,1,2,1
2094,1,1,1,1,
2095,1,6,1,2,2
2096,2,2,1,2,1
2097,1,4,2,1,
2098,2,1,4,1,
2099,2,4,3,1,
2100,1,5,4,1,
2101,2,5,3,2,1
2102,2,4,2,1,
2103,1,6,3,2,2
2104,1,1,1,2,2
2105,1,3,1,2,2
2106,1,3,3,2,2
2107,1,5,1,2,2
2108,1,6,4,1,
2109,2,6,4,2,2
2110,1,3,2,2,1
2111,2,3,2,2,1
2112,1,2,1,2,2
2113,1,6,3,2,1
2114,2,5,2,2,2
2115,2,5,2,1,
2116,1,4,3,2,1
2117,2,6,1,1,
2118,1,3,4,2,1
2119,1,6,2,2,1
2120,1,1,4,2,2
2121,2,4,2,2,2
2122,1,6,2,2,2
2123,2,3,2,1,
2124,1,5,4,2,2
2125,2,3,1,1,
2126,2,4,1,1,
2127,1,4,4,2,2
2128,2,6,2,2,2
2129,2,1,4,2,1
2130,1,5,2,2,2
2131,2,2,2,2,1
2132,1,2,1,1,
2133,1,1,3,1,
2134,2,4,2,2,1
2135,2,6,4,2,1
2136,1,1,4,2,1
2137,2,3,4,2,2
2138,1,3,2,2,2
2139,1,1,4,1,
2140,2,6,2,1,
2141,2,2,1,2,2
2142,1,4,1,2,2
2143,1,2,3,2,1
2144,1,4,4,2,1
2145,2,3,1,2,2
2146,1,1,1,2,1
2147,2,6,3,2,1
2148,2,5,2,2,1
2149,1,2,4,1,
2150,2,3,3,2,1
2151,1,2,3,2,2
2152,1,1,3,2,1
2153,1,5,1,1,
2154,2,3,2,2,2
2155,1,4,2,2,1
2156,1,6,4,2,2
2157,1,2,4,2,1
2158,2,2,4,2,2
2159,1,2,4,2,2
2160,2,1,2,1,
2161,1,2,2,2,1
2162,2,1,2,2,2
2163,1,6,1,2,1
2164,2,5,4,1,
2165,2,2,4,1,
2166,2,4,1,2,2
2167,2,4,3,2,2
2168,1,4,4,1,
2169,2,6,3,2,2
2170,2,1,2,2,1
2171,2,2,2,1,
2172,2,5,1,2,2
2173,1,4,1,2,1
2174,2,5,3,2,2
2175,1,6,4,2,1
2176,2,1,3,1,
2177,2,3,3,2,2
2178,1,3,4,2,2
2179,2,6,2,2,1
2180,2,5,4,2,1
2181,2,4,3,2,1
2182,2,2,3,1,
2183,2,6,1,2,2
2184,2,1,1,2,1
2185,1,2,3,1,
2186,1,4,3,1,
2187,1,5,4,2,1
2188,2,6,3,1,
2189,1,2,2,2,2
2190,2,5,4,2,2
2191,2,5,1,2,1
2192,1,5,3,2,1
2193,2,5,1,1,
2194,1,5,1,2,1
2195,1,3,1,2,1
2196,2,2,4,2,1
2197,1,6,3,1,
2198,2,4,4,2,1
2199,2,1,3,2,2
2200,1,3,1,1,
2201,2,4,1,2,1
2202,2,1,4,2,2
2203,2,3,4,1,
2204,2,4,4,2,2
2205,2,6,1,2,1
2206,1,1,2,1,
2207,2,1,3,2,1
2208,1,1,2,2,1
2209,1,4,1,1,
2210,2,2,3,2,2
2211,2,2,2,2,2
2212,1,4,3,2,2
2213,2,6,4,1,
2214,2,2,1,1,
2215,1,3,3,2,1
2216,2,2,3,2,1
2217,2,3,4,2,1
2218,1,4,2,2,2
2219,1,6,1,1,
2220,1,3,2,1,
2221,2,5,3,1,
2222,1,5,3,1,
2223,1,1,2,2,2
2224,1,3,4,1,
2225,1,5,2,1,
2226,1,5,2,2,1
2227,1,1,3,2,2
2228,1,6,2,1,
2229,1,5,3,2,2
2230,1,3,3,1,
2231,2,3,1,2,1
2232,2,4,4,1,
2233,2,1,1,1,
2234,2,3,3,1,
2235,1,2,2,1,
2236,2,1,1,2,2
2237,1,2,1,2,1
2238,1,1,1,1,
2239,1,6,1,2,2
2240,2,2,1,2,1
2241,1,4,2,1,
2242,2,1,4,1,
2243,2,4,3,1,
2244,1,5,4,1,
2245,2,5,3,2,1
2246,2,4,2,1,
2247,1,6,3,2,2
2248,1,1,1,2,2
2249,1,3,1,2,2
2250,1,3,3,2,2
2251,1,5,1,2,2
2252,1,6,4,1,
2253,2,6,4,2,2
2254,1,3,2,2,1
2255,2,3,2,2,1
2256,1,2,1,2,2
2257,1,6,3,2,1
2258,2,5,2,2,2
2259,2,5,2,1,
2260,1,4,3,2,1
2261,2,6,1,1,
2262,1,3,4,2,1
2263,1,6,2,2,1
2264,1,1,4,2,2
2265,2,4,2,2,2
2266,1,6,2,2,2
2267,2,3,2,1,
2268,1,5,4,2,2
2269,2,3,1,1,
2270,2,4,1,1,
2271,1,4,4,2,2
2272,2,6,2,2,2
2273,2,1,4,2,1
2274,1,5,2,2,2
2275,2,2,2,2,1
2276,1,2,1,1,
2277,1,1,3,1,
2278,2,4,2,2,1
2279,2,6,4,2,1
2280,1,1,4,2,1
2281,2,3,4,2,2
2282,1,3,2,2,2
2283,1,1,4,1,
2284,2,6,2,1,
2285,2,2,1,2,2
2286,1,4,1,2,2
2287,1,2,3,2,1
2288,1,4,4,2,1
2289,2,3,1,2,2
2290,1,1,1,2,1
2291,2,6,3,2,1
2292,2,5,2,2,1
2293,1,2,4,1,
2294,2,3,3,2,1
2295,1,2,3,2,2
2296,1,1,3,2,1
2297,1,5,1,1,
2298,2,3,2,2,2
2299,1,4,2,2,1
2300,1,6,4,2,2
2301,1,2,4,2,1
2302,2,2,4,2,2
2303,1,2,4,2,2
2304,2,1,2,1,
2305,1,2,2,2,1
2306,2,1,2,2,2
2307,1,6,1,2,1
2308,2,5,4,1,
2309,2,2,4,1,
2310,2,4,1,2,2
2311,2,4,3,2,2
2312,1,4,4,1,
2313,2,6,3,2,2
2314,2,1,2,2,1
2315,2,2,2,1,
2316,2,5,1,2,2
2317,1,4,1,2,1
2318,2,5,3,2,2
2319,1,6,4,2,1
2320,2,1,3,1,
2321,2,3,3,2,2
2322,1,3,4,2,2
2323,2,6,2,2,1
2324,2,5,4,2,1
2325,2,4,3,2,1
2326,2,2,3,1,
2327,2,6,1,2,2
2328,2,1,1,2,1
2329,1,2,3,1,
2330,1,4,3,1,
2331,1,5,4,2,1
2332,2,6,3,1,
2333,1,2,2,2,2
2334,2,5,4,2,2
2335,2,5,1,2,1
2336,1,5,3,2,1
2337,2,5,1,1,
2338,1,5,1,2,1
2339,1,3,1,2,1
2340,2,2,4,2,1
2341,1,6,3,1,
2342,2,4,4,2,1
2343,2,1,3,2,2
2344,1,3,1,1,
2345,2,4,1,2,1
2346,2,1,4,2,2
2347,2,3,4,1,
2348,2,4,4,2,2
2349,2,6,1,2,1
2350,1,1,2,1,
2351,2,1,3,2,1
2352,1,1,2,2,1
2353,1,4,1,1,
2354,2,2,3,2,2
2355,2,2,2,2,2
2356,1,4,3,2,2
2357,2,6,4,1,
2358,2,2,1,1,
2359,1,3,3,2,1
2360,2,2,3,2,1
2361,2,3,4,2,1
2362,1,4,2,2,2
2363,1,6,1,1,
2364,1,3,2,1,
2365,2,5,3,1,
2366,1,5,3,1,
2367,1,1,2,2,2
2368,1,3,4,1,
2369,1,5,2,1,
2370,1,5,2,2,1
2371,1,1,3,2,2
2372,1,6,2,1,
2373,1,5,3,2,2
2374,1,3,3,1,
2375,2,3,1,2,1
2376,2,4,4,1,
2377,2,1,1,1,
2378,2,3,3,1,
2379,1,2,2,1,
2380,2,1,1,2,2
2381,1,2,1,2,1
2382,1,1,1,1,
2383,1,6,1,2,2
2384,2,2,1,2,1
2385,1,4,2,1,
2386,2,1,4,1,
2387,2,4,3,1,
2388,1,5,4,1,
2389,2,5,3,2,1
2390,2,4,2,1,
2391,1,6,3,2,2
2392,1,1,1,2,2
2393,1,3,1,2,2
2394,1,3,3,2,2
2395,1,5,1,2,2
2396,1,6,4,1,
2397,2,6,4,2,2
2398,1,3,2,2,1
2399,2,3,2,2,1
2400,1,2,1,2,2
2401,1,6,3,2,1
2402,2,5,2,2,2
2403,2,5,2,1,
2404,1,4,3,2,1
2405,2,6,1,1,
2406,1,3,4,2,1
2407,1,6,2,2,1
2408,1,1,4,2,2
2409,2,4,2,2,2
2410,1,6,2,2,2
2411,2,3,2,1,
2412,1,5,4,2,2
2413,2,3,1,1,
2414,2,4,1,1,
2415,1,4,4,2,2
2416,2,6,2,2,2
2417,2,1,4,2,1
2418,1,5,2,2,2
2419,2,2,2,2,1
2420,1,2,1,1,
2421,1,1,3,1,
2422,2,4,2,2,1
2423,2,6,4,2,1
2424,1,1,4,2,1
2425,2,3,4,2,2
2426,1,3,2,2,2
2427,1,1,4,1,
2428,2,6,2,1,
2429,2,2,1,2,2
2430,1,4,1,2,2
2431,1,2,3,2,1
2432,1,4,4,2,1
2433,2,3,1,2,2
2434,1,1,1,2,1
2435,2,6,3,2,1
2436,2,5,2,2,1
2437,1,2,4,1,
2438,2,3,3,2,1
2439,1,2,3,2,2
2440,1,1,3,2,1
2441,1,5,1,1,
2442,2,3,2,2,2
2443,1,4,2,2,1
2444,1,6,4,2,2
2445,1,2,4,2,1
2446,2,2,4,2,2
2447,1,2,4,2,2
2448,2,1,2,1,
2449,1,2,2,2,1
2450,2,1,2,2,2
2451,1,6,1,2,1
2452,2,5,4,1,
2453,2,2,4,1,
2454,2,4,1,2,2
2455,2,4,3,2,2
2456,1,4,4,1,
2457,2,6,3,2,2
2458,2,1,2,2,1
2459,2,2,2,1,
2460,2,5,1,2,2
2461,1,4,1,2,1
2462,2,5,3,2,2
2463,1,6,4,2,1
2464,2,1,3,1,
2465,2,3,3,2,2
2466,1,3,4,2,2
2467,2,6,2,2,1
2468,2,5,4,2,1
2469,2,4,3,2,1
2470,2,2,3,1,
2471,2,6,1,2,2
2472,2,1,1,2,1
2473,1,2,3,1,
2474,1,4,3,1,
2475,1,5,4,2,1
2476,2,6,3,1,
2477,1,2,2,2,2
2478,2,5,4,2,2
2479,2,5,1,2,1
2480,1,5,3,2,1
2481,2,5,1,1,
2482,1,5,1,2,1
2483,1,3,1,2,1
2484,2,2,4,2,1
2485,1,6,3,1,
2486,2,4,4,2,1
2487,2,1,3,2,2
2488,1,3,1,1,
2489,2,4,1,2,1
2490,2,1,4,2,2
2491,2,3,4,1,
2492,2,4,4,2,2
2493,2,6,1,2,1
2494,1,1,2,1,
2495,2,1,3,2,1
2496,1,1,2,2,1
2497,1,4,1,1,
2498,2,2,3,2,2
2499,2,2,2,2,2
2500,1,4,3,2,2
2501,2,6,4,1,
2502,2,2,1,1,
2503,1,3,3,2,1
2504,2,2,3,2,1
2505,2,3,4,2,1
2506,1,4,2,2,2
2507,1,6,1,1,
2508,1,3,2,1,
2509,2,5,3,1,
2510,1,5,3,1,
2511,1,1,2,2,2
2512,1,3,4,1,
2513,1,5,2,1,
2514,1,5,2,2,1
2515,1,1,3,2,2
2516,1,6,2,1,
2517,1,5,3,2,2
2518,1,3,3,1,
2519,2,3,1,2,1
2520,2,4,4,1,
2521,2,1,1,1,
2522,2,3,3,1,
2523,1,2,2,1,
2524,2,1,1,2,2
2525,1,2,1,2,1
2526,1,1,1,1,
2527,1,6,1,2,2
2528,2,2,1,2,1
2529,1,4,2,1,
2530,2,1,4,1,
2531,2,4,3,1,
2532,1,5,4,1,
2533,2,5,3,2,1
2534,2,4,2,1,
2535,1,6,3,2,2
2536,1,1,1,2,2
2537,1,3,1,2,2
2538,1,3,3,2,2
2539,1,5,1,2,2
2540,1,6,4,1,
2541,2,6,4,2,2
2542,1,3,2,2,1
2543,2,3,2,2,1
2544,1,2,1,2,2
2545,1,6,3,2,1
2546,2,5,2,2,2
2547,2,5,2,1,
2548,1,4,3,2,1
2549,2,6,1,1,
2550,1,3,4,2,1
2551,1,6,2,2,1
2552,1,1,4,2,2
2553,2,4,2,2,2
2554,1,6,2,2,2
2555,2,3,2,1,
2556,1,5,4,2,2
2557,2,3,1,1,
2558,2,4,1,1,
2559,1,4,4,2,2
2560,2,6,2,2,2
2561,2,1,4,2,1
2562,1,5,2,2,2
2563,2,2,2,2,1
2564,1,2,1,1,
2565,1,1,3,1,
2566,2,4,2,2,1
2567,2,6,4,2,1
2568,1,1,4,2,1
2569,2,3,4,2,2
2570,1,3,2,2,2
2571,1,1,4,1,
2572,2,6,2,1,
2573,2,2,1,2,2
2574,1,4,1,2,2
2575,1,2,3,2,1
2576,1,4,4,2,1
2577,2,3,1,2,2
2578,1,1,1,2,1
2579,2,6,3,2,1
2580,2,5,2,2,1
2581,1,2,4,1,
2582,2,3,3,2,1
2583,1,2,3,2,2
2584,1,1,3,2,1
2585,1,5,1,1,
2586,2,3,2,2,2
2587,1,4,2,2,1
2588,1,6,4,2,2
2589,1,2,4,2,1
2590,2,2,4,2,2
2591,1,2,4,2,2
2592,2,1,2,1,
2593,1,2,2,2,1
2594,2,1,2,2,2
2595,1,6,1,2,1
2596,2,5,4,1,
2597,2,2,4,1,
2598,2,4,1,2,2
2599,2,4,3,2,2
2600,1,4,4,1,
2601,2,6,3,2,2
2602,2,1,2,2,1
2603,2,2,2,1,
2604,2,5,1,2,2
2605,1,4,1,2,1
2606,2,5,3,2,2
2607,1,6,4,2,1
2608,2,1,3,1,
2609,2,3,3,2,2
2610,1,3,4,2,2
2611,2,6,2,2,1
2612,2,5,4,2,1
2613,2,4,3,2,1
2614,2,2,3,1,
2615,2,6,1,2,2
2616,2,1,1,2,1
2617,1,2,3,1,
2618,1,4,3,1,
2619,1,5,4,2,1
2620,2,6,3,1,
2621,1,2,2,2,2
2622,2,5,4,2,2
2623,2,5,1,2,1
2624,1,5,3,2,1
2625,2,5,1,1,
2626,1,5,1,2,1
2627,1,3,1,2,1
2628,2,2,4,2,1
2629,1,6,3,1,
2630,2,4,4,2,1
2631,2,1,3,2,2
2632,1,3,1,1,
2633,2,4,1,2,1
2634,2,1,4,2,2
2635,2,3,4,1,
2636,2,4,4,2,2
2637,2,6,1,2,1
2638,1,1,2,1,
2639,2,1,3,2,1
2640,1,1,2,2,1
2641,1,4,1,1,
2642,2,2,3,2,2
2643,2,2,2,2,2
2644,1,4,3,2,2
2645,2,6,4,1,
2646,2,2,1,1,
2647,1,3,3,2,1
2648,2,2,3,2,1
2649,2,3,4,2,1
2650,1,4,2,2,2
2651,1,6,1,1,
2652,1,3,2,1,
2653,2,5,3,1,
2654,1,5,3,1,
2655,1,1,2,2,2
2656,1,3,4,1,
2657,1,5,2,1,
2658,1,5,2,2,1
2659,1,1,3,2,2
2660,1,6,2,1,
2661,1,5,3,2,2
2662,1,3,3,1,
2663,2,3,1,2,1
2664,2,4,4,1,
2665,2,1,1,1,
2666,2,3,3,1,
2667,1,2,2,1,
2668,2,1,1,2,2
2669,1,2,1,2,1
2670,1,1,1,1,
2671,1,6,1,2,2
2672,2,2,1,2,1
2673,1,4,2,1,
2674,2,1,4,1,
2675,2,4,3,1,
2676,1,5,4,1,
2677,2,5,3,2,1
2678,2,4,2,1,
2679,1,6,3,2,2
2680,1,1,1,2,2
2681,1,3,1,2,2
2682,1,3,3,2,2
2683,1,5,1,2,2
2684,1,6,4,1,
2685,2,6,4,2,2
2686,1,3,2,2,1
2687,2,3,2,2,1
2688,1,2,1,2,2
2689,1,6,3,2,1
2690,2,5,2,2,2
2691,2,5,2,1,
2692,1,4,3,2,1
2693,2,6,1,1,
2694,1,3,4,2,1
2695,1,6,2,2,1
2696,1,1,4,2,2
2697,2,4,2,2,2
2698,1,6,2,2,2
2699,2,3,2,1,
2700,1,5,4,2,2
2701,2,3,1,1,
2702,2,4,1,1,
2703,1,4,4,2,2
2704,2,6,2,2,2
2705,2,1,4,2,1
2706,1,5,2,2,2
2707,2,2,2,2,1
2708,1,2,1,1,
2709,1,1,3,1,
2710,2,4,2,2,1
2711,2,6,4,2,1
2712,1,1,4,2,1
2713,2,3,4,2,2
2714,1,3,2,2,2
2715,1,1,4,1,
2716,2,6,2,1,
2717,2,2,1,2,2
2718,1,4,1,2,2
2719,1,2,3,2,1
2720,1,4,4,2,1
2721,2,3,1,2,2
2722,1,1,1,2,1
2723,2,6,3,2,1
2724,2,5,2,2,1
2725,1,2,4,1,
2726,2,3,3,2,1
2727,1,2,3,2,2
2728,1,1,3,2,1
2729,1,5,1,1,
2730,2,3,2,2,2
2731,1,4,2,2,1
2732,1,6,4,2,2
2733,1,2,4,2,1
2734,2,2,4,2,2
2735,1,2,4,2,2
2736,2,1,2,1,
2737,1,2,2,2,1
2738,2,1,2,2,2
2739,1,6,1,2,1
2740,2,5,4,1,
2741,2,2,4,1,
2742,2,4,1,2,2
2743,2,4,3,2,2
2744,1,4,4,1,
2745,2,6,3,2,2
2746,2,1,2,2,1
2747,2,2,2,1,
2748,2,5,1,2,2
2749,1,4,1,2,1
2750,2,5,3,2,2
6001,1,6,4,2,1
6002,2,1,3,1,
6003,2,3,3,2,2
6004,1,3,4,2,2
6005,2,6,2,2,1
6006,2,5,4,2,1
6007,2,4,3,2,1
6008,2,2,3,1,
6009,2,6,1,2,2
6010,2,1,1,2,1
6011,1,2,3,1,
6012,1,4,3,1,
6013,1,5,4,2,1
6014,2,6,3,1,
6015,1,2,2,2,2
6016,2,5,4,2,2
6017,2,5,1,2,1
6018,1,5,3,2,1
6019,2,5,1,1,
6020,1,5,1,2,1
6021,1,3,1,2,1
6022,2,2,4,2,1
6023,1,6,3,1,
6024,2,4,4,2,1
6025,2,1,3,2,2
6026,1,3,1,1,
6027,2,4,1,2,1
6028,2,1,4,2,2
6029,2,3,4,1,
6030,2,4,4,2,2
6031,2,6,1,2,1
6032,1,1,2,1,
6033,2,1,3,2,1
6034,1,1,2,2,1
6035,1,4,1,1,
6036,2,2,3,2,2
6037,2,2,2,2,2
6038,1,4,3,2,2
6039,2,6,4,1,
6040,2,2,1,1,
6041,1,3,3,2,1
6042,2,2,3,2,1
6043,2,3,4,2,1
6044,1,4,2,2,2
6045,1,6,1,1,
6046,1,3,2,1,
6047,2,5,3,1,
6048,1,5,3,1,
6049,1,1,2,2,2
6050,1,3,4,1,
6051,1,5,2,1,
6052,1,5,2,2,1
6053,1,1,3,2,2
6054,1,6,2,1,
6055,1,5,3,2,2
6056,1,3,3,1,
6057,2,3,1,2,1
6058,2,4,4,1,
6059,2,1,1,1,
6060,2,3,3,1,
6061,1,2,2,1,
6062,2,1,1,2,2
6063,1,2,1,2,1
6064,1,1,1,1,
6065,1,6,1,2,2
6066,2,2,1,2,1
6067,1,4,2,1,
6068,2,1,4,1,
6069,2,4,3,1,
6070,1,5,4,1,
6071,2,5,3,2,1
6072,2,4,2,1,
6073,1,6,3,2,2
6074,1,1,1,2,2
6075,1,3,1,2,2
6076,1,3,3,2,2
6077,1,5,1,2,2
6078,1,6,4,1,
6079,2,6,4,2,2
6080,1,3,2,2,1
6081,2,3,2,2,1
6082,1,2,1,2,2
6083,1,6,3,2,1
6084,2,5,2,2,2
6085,2,5,2,1,
6086,1,4,3,2,1
6087,2,6,1,1,
6088,1,3,4,2,1
6089,1,6,2,2,1
6090,1,1,4,2,2
6091,2,4,2,2,2
6092,1,6,2,2,2
6093,2,3,2,1,
6094,1,5,4,2,2
6095,2,3,1,1,
6096,2,4,1,1,
6097,1,4,4,2,2
6098,2,6,2,2,2
6099,2,1,4,2,1
6100,1,5,2,2,2
6101,2,2,2,2,1
6102,1,2,1,1,
6103,1,1,3,1,
6104,2,4,2,2,1
6105,2,6,4,2,1
6106,1,1,4,2,1
6107,2,3,4,2,2
6108,1,3,2,2,2
6109,1,1,4,1,
6110,2,6,2,1,
6111,2,2,1,2,2
6112,1,4,1,2,2
6113,1,2,3,2,1
6114,1,4,4,2,1
6115,2,3,1,2,2
6116,1,1,1,2,1
6117,2,6,3,2,1
6118,2,5,2,2,1
6119,1,2,4,1,
6120,2,3,3,2,1
6121,1,2,3,2,2
6122,1,1,3,2,1
6123,1,5,1,1,
6124,2,3,2,2,2
6125,1,4,2,2,1
6126,1,6,4,2,2
6127,1,2,4,2,1
6128,2,2,4,2,2
6129,1,2,4,2,2
6130,2,1,2,1,
6131,1,2,2,2,1
6132,2,1,2,2,2
6133,1,6,1,2,1
6134,2,5,4,1,
6135,2,2,4,1,
6136,2,4,1,2,2
6137,2,4,3,2,2
6138,1,4,4,1,
6139,2,6,3,2,2
6140,2,1,2,2,1
6141,2,2,2,1,
6142,2,5,1,2,2
6143,1,4,1,2,1
6144,2,5,3,2,2
6145,1,6,4,2,1
6146,2,1,3,1,
6147,2,3,3,2,2
6148,1,3,4,2,2
6149,2,6,2,2,1
6150,2,5,4,2,1
6151,2,4,3,2,1
6152,2,2,3,1,
6153,2,6,1,2,2
6154,2,1,1,2,1
6155,1,2,3,1,
6156,1,4,3,1,
6157,1,5,4,2,1
6158,2,6,3,1,
6159,1,2,2,2,2
6160,2,5,4,2,2
6161,2,5,1,2,1
6162,1,5,3,2,1
6163,2,5,1,1,
6164,1,5,1,2,1
6165,1,3,1,2,1
6166,2,2,4,2,1
6167,1,6,3,1,
6168,2,4,4,2,1
6169,2,1,3,2,2
6170,1,3,1,1,
6171,2,4,1,2,1
6172,2,1,4,2,2
6173,2,3,4,1,
6174,2,4,4,2,2
6175,2,6,1,2,1
6176,1,1,2,1,
6177,2,1,3,2,1
6178,1,1,2,2,1
6179,1,4,1,1,
6180,2,2,3,2,2
6181,2,2,2,2,2
6182,1,4,3,2,2
6183,2,6,4,1,
6184,2,2,1,1,
6185,1,3,3,2,1
6186,2,2,3,2,1
6187,2,3,4,2,1
6188,1,4,2,2,2
6189,1,6,1,1,
6190,1,3,2,1,
6191,2,5,3,1,
6192,1,5,3,1,
6193,1,1,2,2,2
6194,1,3,4,1,
6195,1,5,2,1,
6196,1,5,2,2,1
6197,1,1,3,2,2
6198,1,6,2,1,
6199,1,5,3,2,2
6200,1,3,3,1,
6201,2,3,1,2,1
6202,2,4,4,1,
6203,2,1,1,1,
6204,2,3,3,1,
6205,1,2,2,1,
6206,2,1,1,2,2
6207,1,2,1,2,1
6208,1,1,1,1,
6209,1,6,1,2,2
6210,2,2,1,2,1
6211,1,4,2,1,
6212,2,1,4,1,
6213,2,4,3,1,
6214,1,5,4,1,
6215,2,5,3,2,1
6216,2,4,2,1,
6217,1,6,3,2,2
6218,1,1,1,2,2
6219,1,3,1,2,2
6220,1,3,3,2,2
6221,1,5,1,2,2
6222,1,6,4,1,
6223,2,6,4,2,2
6224,1,3,2,2,1
6225,2,3,2,2,1
6226,1,2,1,2,2
6227,1,6,3,2,1
6228,2,5,2,2,2
6229,2,5,2,1,
6230,1,4,3,2,1
6231,2,6,1,1,
6232,1,3,4,2,1
6233,1,6,2,2,1
6234,1,1,4,2,2
6235,2,4,2,2,2
6236,1,6,2,2,2
6237,2,3,2,1,
6238,1,5,4,2,2
6239,2,3,1,1,
6240,2,4,1,1,
6241,1,4,4,2,2
6242,2,6,2,2,2
6243,2,1,4,2,1
6244,1,5,2,2,2
6245,2,2,2,2,1
6246,1,2,1,1,
6247,1,1,3,1,
6248,2,4,2,2,1
6249,2,6,4,2,1
6250,1,1,4,2,1
6251,2,3,4,2,2
6252,1,3,2,2,2
6253,1,1,4,1,
6254,2,6,2,1,
6255,2,2,1,2,2
6256,1,4,1,2,2
6257,1,2,3,2,1
6258,1,4,4,2,1
6259,2,3,1,2,2
6260,1,1,1,2,1
6261,2,6,3,2,1
6262,2,5,2,2,1
6263,1,2,4,1,
6264,2,3,3,2,1
6265,1,2,3,2,2
6266,1,1,3,2,1
6267,1,5,1,1,
6268,2,3,2,2,2
6269,1,4,2,2,1
6270,1,6,4,2,2
6271,1,2,4,2,1
6272,2,2,4,2,2
6273,1,2,4,2,2
6274,2,1,2,1,
6275,1,2,2,2,1
6276,2,1,2,2,2
6277,1,6,1,2,1
6278,2,5,4,1,
6279,2,2,4,1,
6280,2,4,1,2,2
6281,2,4,3,2,2
6282,1,4,4,1,
6283,2,6,3,2,2
6284,2,1,2,2,1
6285,2,2,2,1,
6286,2,5,1,2,2
6287,1,4,1,2,1
6288,2,5,3,2,2
6289,1,6,4,2,1
6290,2,1,3,1,
6291,2,3,3,2,2
6292,1,3,4,2,2
6293,2,6,2,2,1
6294,2,5,4,2,1
6295,2,4,3,2,1
6296,2,2,3,1,
6297,2,6,1,2,2
6298,2,1,1,2,1
6299,1,2,3,1,
6300,1,4,3,1,
6301,1,5,4,2,1
6302,2,6,3,1,
6303,1,2,2,2,2
6304,2,5,4,2,2
6305,2,5,1,2,1
6306,1,5,3,2,1
6307,2,5,1,1,
6308,1,5,1,2,1
6309,1,3,1,2,1
6310,2,2,4,2,1
6311,1,6,3,1,
6312,2,4,4,2,1
6313,2,1,3,2,2
6314,1,3,1,1,
6315,2,4,1,2,1
6316,2,1,4,2,2
6317,2,3,4,1,
6318,2,4,4,2,2
6319,2,6,1,2,1
6320,1,1,2,1,
6321,2,1,3,2,1
6322,1,1,2,2,1
6323,1,4,1,1,
6324,2,2,3,2,2
6325,2,2,2,2,2
6326,1,4,3,2,2
6327,2,6,4,1,
6328,2,2,1,1,
6329,1,3,3,2,1
6330,2,2,3,2,1
6331,2,3,4,2,1
6332,1,4,2,2,2
6333,1,6,1,1,
6334,1,3,2,1,
6335,2,5,3,1,
6336,1,5,3,1,
6337,1,1,2,2,2
6338,1,3,4,1,
6339,1,5,2,1,
6340,1,5,2,2,1
6341,1,1,3,2,2
6342,1,6,2,1,
6343,1,5,3,2,2
6344,1,3,3,1,
6345,2,3,1,2,1
6346,2,4,4,1,
6347,2,1,1,1,
6348,2,3,3,1,
6349,1,2,2,1,
6350,2,1,1,2,2
6351,1,2,1,2,1
6352,1,1,1,1,
6353,1,6,1,2,2
6354,2,2,1,2,1
6355,1,4,2,1,
6356,2,1,4,1,
6357,2,4,3,1,
6358,1,5,4,1,
6359,2,5,3,2,1
6360,2,4,2,1,
6361,1,6,3,2,2
6362,1,1,1,2,2
6363,1,3,1,2,2
6364,1,3,3,2,2
6365,1,5,1,2,2
6366,1,6,4,1,
6367,2,6,4,2,2
6368,1,3,2,2,1
6369,2,3,2,2,1
6370,1,2,1,2,2
6371,1,6,3,2,1
6372,2,5,2,2,2
6373,2,5,2,1,
6374,1,4,3,2,1
6375,2,6,1,1,
6376,1,3,4,2,1
6377,1,6,2,2,1
6378,1,1,4,2,2
6379,2,4,2,2,2
6380,1,6,2,2,2
6381,2,3,2,1,
6382,1,5,4,2,2
6383,2,3,1,1,
6384,2,4,1,1,
6385,1,4,4,2,2
6386,2,6,2,2,2
6387,2,1,4,2,1
6388,1,5,2,2,2
6389,2,2,2,2,1
6390,1,2,1,1,
6391,1,1,3,1,
6392,2,4,2,2,1
6393,2,6,4,2,1
6394,1,1,4,2,1
6395,2,3,4,2,2
6396,1,3,2,2,2
6397,1,1,4,1,
6398,2,6,2,1,
6399,2,2,1,2,2
6400,1,4,1,2,2
6401,1,2,3,2,1
6402,1,4,4,2,1
6403,2,3,1,2,2
6404,1,1,1,2,1
6405,2,6,3,2,1
6406,2,5,2,2,1
6407,1,2,4,1,
6408,2,3,3,2,1
6409,1,2,3,2,2
6410,1,1,3,2,1
6411,1,5,1,1,
6412,2,3,2,2,2
6413,1,4,2,2,1
6414,1,6,4,2,2
6415,1,2,4,2,1
6416,2,2,4,2,2
6417,1,2,4,2,2
6418,2,1,2,1,
6419,1,2,2,2,1
6420,2,1,2,2,2
6421,1,6,1,2,1
6422,2,5,4,1,
6423,2,2,4,1,
6424,2,4,1,2,2
6425,2,4,3,2,2
6426,1,4,4,1,
6427,2,6,3,2,2
6428,2,1,2,2,1
6429,2,2,2,1,
6430,2,5,1,2,2
6431,1,4,1,2,1
6432,2,5,3,2,2
6433,1,6,4,2,1
6434,2,1,3,1,
6435,2,3,3,2,2
6436,1,3,4,2,2
6437,2,6,2,2,1
6438,2,5,4,2,1
6439,2,4,3,2,1
6440,2,2,3,1,
6441,2,6,1,2,2
6442,2,1,1,2,1
6443,1,2,3,1,
6444,1,4,3,1,
6445,1,5,4,2,1
6446,2,6,3,1,
6447,1,2,2,2,2
6448,2,5,4,2,2
6449,2,5,1,2,1
6450,1,5,3,2,1
6451,2,5,1,1,
6452,1,5,1,2,1
6453,1,3,1,2,1
6454,2,2,4,2,1
6455,1,6,3,1,
6456,2,4,4,2,1
6457,2,1,3,2,2
6458,1,3,1,1,
6459,2,4,1,2,1
6460,2,1,4,2,2
6461,2,3,4,1,
6462,2,4,4,2,2
6463,2,6,1,2,1
6464,1,1,2,1,
6465,2,1,3,2,1
6466,1,1,2,2,1
6467,1,4,1,1,
6468,2,2,3,2,2
6469,2,2,2,2,2
6470,1,4,3,2,2
6471,2,6,4,1,
6472,2,2,1,1,
6473,1,3,3,2,1
6474,2,2,3,2,1
6475,2,3,4,2,1
6476,1,4,2,2,2
6477,1,6,1,1,
6478,1,3,2,1,
6479,2,5,3,1,
6480,1,5,3,1,
6481,1,1,2,2,2
6482,1,3,4,1,
6483,1,5,2,1,
6484,1,5,2,2,1
6485,1,1,3,2,2
6486,1,6,2,1,
6487,1,5,3,2,2
6488,1,3,3,1,
6489,2,3,1,2,1
6490,2,4,4,1,
6491,2,1,1,1,
6492,2,3,3,1,
6493,1,2,2,1,
6494,2,1,1,2,2
6495,1,2,1,2,1
6496,1,1,1,1,
6497,1,6,1,2,2
6498,2,2,1,2,1
6499,1,4,2,1,
6500,2,1,4,1,
6501,2,4,3,1,
6502,1,5,4,1,
6503,2,5,3,2,1
6504,2,4,2,1,
6505,1,6,3,2,2
6506,1,1,1,2,2
6507,1,3,1,2,2
6508,1,3,3,2,2
6509,1,5,1,2,2
6510,1,6,4,1,
6511,2,6,4,2,2
6512,1,3,2,2,1
6513,2,3,2,2,1
6514,1,2,1,2,2
6515,1,6,3,2,1
6516,2,5,2,2,2
6517,2,5,2,1,
6518,1,4,3,2,1
6519,2,6,1,1,
6520,1,3,4,2,1
6521,1,6,2,2,1
6522,1,1,4,2,2
6523,2,4,2,2,2
6524,1,6,2,2,2
6525,2,3,2,1,
6526,1,5,4,2,2
6527,2,3,1,1,
6528,2,4,1,1,
6529,1,4,4,2,2
6530,2,6,2,2,2
6531,2,1,4,2,1
6532,1,5,2,2,2
6533,2,2,2,2,1
6534,1,2,1,1,
6535,1,1,3,1,
6536,2,4,2,2,1
6537,2,6,4,2,1
6538,1,1,4,2,1
6539,2,3,4,2,2
6540,1,3,2,2,2
6541,1,1,4,1,
6542,2,6,2,1,
6543,2,2,1,2,2
6544,1,4,1,2,2
6545,1,2,3,2,1
6546,1,4,4,2,1
6547,2,3,1,2,2
6548,1,1,1,2,1
6549,2,6,3,2,1
6550,2,5,2,2,1
6551,1,2,4,1,
6552,2,3,3,2,1
6553,1,2,3,2,2
6554,1,1,3,2,1
6555,1,5,1,1,
6556,2,3,2,2,2
6557,1,4,2,2,1
6558,1,6,4,2,2
6559,1,2,4,2,1
6560,2,2,4,2,2
6561,1,2,4,2,2
6562,2,1,2,1,
6563,1,2,2,2,1
6564,2,1,2,2,2
6565,1,6,1,2,1
6566,2,5,4,1,
6567,2,2,4,1,
6568,2,4,1,2,2
6569,2,4,3,2,2
6570,1,4,4,1,
6571,2,6,3,2,2
6572,2,1,2,2,1
6573,2,2,2,1,
6574,2,5,1,2,2
6575,1,4,1,2,1
6576,2,5,3,2,2
6577,1,6,4,2,1
6578,2,1,3,1,
6579,2,3,3,2,2
6580,1,3,4,2,2
6581,2,6,2,2,1
6582,2,5,4,2,1
6583,2,4,3,2,1
6584,2,2,3,1,
6585,2,6,1,2,2
6586,2,1,1,2,1
6587,1,2,3,1,
6588,1,4,3,1,
6589,1,5,4,2,1
6590,2,6,3,1,
6591,1,2,2,2,2
6592,2,5,4,2,2
6593,2,5,1,2,1
6594,1,5,3,2,1
6595,2,5,1,1,
6596,1,5,1,2,1
6597,1,3,1,2,1
6598,2,2,4,2,1
6599,1,6,3,1,
6600,2,4,4,2,1
6601,2,1,3,2,2
6602,1,3,1,1,
6603,2,4,1,2,1
6604,2,1,4,2,2
6605,2,3,4,1,
6606,2,4,4,2,2
6607,2,6,1,2,1
6608,1,1,2,1,
6609,2,1,3,2,1
6610,1,1,2,2,1
6611,1,4,1,1,
6612,2,2,3,2,2
6613,2,2,2,2,2
6614,1,4,3,2,2
6615,2,6,4,1,
6616,2,2,1,1,
6617,1,3,3,2,1
6618,2,2,3,2,1
6619,2,3,4,2,1
6620,1,4,2,2,2
6621,1,6,1,1,
6622,1,3,2,1,
6623,2,5,3,1,
6624,1,5,3,1,
6625,1,1,2,2,2
6626,1,3,4,1,
6627,1,5,2,1,
6628,1,5,2,2,1
6629,1,1,3,2,2
6630,1,6,2,1,
6631,1,5,3,2,2
6632,1,3,3,1,
6633,2,3,1,2,1
6634,2,4,4,1,
6635,2,1,1,1,
6636,2,3,3,1,
6637,1,2,2,1,
6638,2,1,1,2,2
6639,1,2,1,2,1
6640,1,1,1,1,
6641,1,6,1,2,2
6642,2,2,1,2,1
6643,1,4,2,1,
6644,2,1,4,1,
6645,2,4,3,1,
6646,1,5,4,1,
6647,2,5,3,2,1
6648,2,4,2,1,
6649,1,6,3,2,2
6650,1,1,1,2,2
6651,1,3,1,2,2
6652,1,3,3,2,2
6653,1,5,1,2,2
6654,1,6,4,1,
6655,2,6,4,2,2
6656,1,3,2,2,1
6657,2,3,2,2,1
6658,1,2,1,2,2
6659,1,6,3,2,1
6660,2,5,2,2,2
6661,2,5,2,1,
6662,1,4,3,2,1
6663,2,6,1,1,
6664,1,3,4,2,1
6665,1,6,2,2,1
6666,1,1,4,2,2
6667,2,4,2,2,2
6668,1,6,2,2,2
6669,2,3,2,1,
6670,1,5,4,2,2
6671,2,3,1,1,
6672,2,4,1,1,
6673,1,4,4,2,2
6674,2,6,2,2,2
6675,2,1,4,2,1
6676,1,5,2,2,2
6677,2,2,2,2,1
6678,1,2,1,1,
6679,1,1,3,1,
6680,2,4,2,2,1
6681,2,6,4,2,1
6682,1,1,4,2,1
6683,2,3,4,2,2
6684,1,3,2,2,2
6685,1,1,4,1,
6686,2,6,2,1,
6687,2,2,1,2,2
6688,1,4,1,2,2
6689,1,2,3,2,1
6690,1,4,4,2,1
6691,2,3,1,2,2
6692,1,1,1,2,1
6693,2,6,3,2,1
6694,2,5,2,2,1
6695,1,2,4,1,
6696,2,3,3,2,1
6697,1,2,3,2,2
6698,1,1,3,2,1
6699,1,5,1,1,
6700,2,3,2,2,2
6701,1,4,2,2,1
6702,1,6,4,2,2
6703,1,2,4,2,1
6704,2,2,4,2,2
6705,1,2,4,2,2
6706,2,1,2,1,
6707,1,2,2,2,1
6708,2,1,2,2,2
6709,1,6,1,2,1
6710,2,5,4,1,
6711,2,2,4,1,
6712,2,4,1,2,2
6713,2,4,3,2,2
6714,1,4,4,1,
6715,2,6,3,2,2
6716,2,1,2,2,1
6717,2,2,2,1,
6718,2,5,1,2,2
6719,1,4,1,2,1
6720,2,5,3,2,2
6721,1,6,4,2,1
6722,2,1,3,1,
6723,2,3,3,2,2
6724,1,3,4,2,2
6725,2,6,2,2,1
6726,2,5,4,2,1
6727,2,4,3,2,1
6728,2,2,3,1,
6729,2,6,1,2,2
6730,2,1,1,2,1
6731,1,2,3,1,
6732,1,4,3,1,
6733,1,5,4,2,1
6734,2,6,3,1,
6735,1,2,2,2,2
6736,2,5,4,2,2
6737,2,5,1,2,1
6738,1,5,3,2,1
6739,2,5,1,1,
6740,1,5,1,2,1
6741,1,3,1,2,1
6742,2,2,4,2,1
6743,1,6,3,1,
6744,2,4,4,2,1
6745,2,1,3,2,2
6746,1,3,1,1,
6747,2,4,1,2,1
6748,2,1,4,2,2
6749,2,3,4,1,
6750,2,4,4,2,2
6751,2,6,1,2,1
6752,1,1,2,1,
6753,2,1,3,2,1
6754,1,1,2,2,1
6755,1,4,1,1,
6756,2,2,3,2,2
6757,2,2,2,2,2
6758,1,4,3,2,2
6759,2,6,4,1,
6760,2,2,1,1,
6761,1,3,3,2,1
6762,2,2,3,2,1
6763,2,3,4,2,1
6764,1,4,2,2,2
6765,1,6,1,1,
6766,1,3,2,1,
6767,2,5,3,1,
6768,1,5,3,1,
6769,1,1,2,2,2
6770,1,3,4,1,
6771,1,5,2,1,
6772,1,5,2,2,1
6773,1,1,3,2,2
6774,1,6,2,1,
6775,1,5,3,2,2
6776,1,3,3,1,
6777,2,3,1,2,1
6778,2,4,4,1,
6779,2,1,1,1,
6780,2,3,3,1,
6781,1,2,2,1,
6782,2,1,1,2,2
6783,1,2,1,2,1
6784,1,1,1,1,
6785,1,6,1,2,2
6786,2,2,1,2,1
6787,1,4,2,1,
6788,2,1,4,1,
6789,2,4,3,1,
6790,1,5,4,1,
6791,2,5,3,2,1
6792,2,4,2,1,
6793,1,6,3,2,2
6794,1,1,1,2,2
6795,1,3,1,2,2
6796,1,3,3,2,2
6797,1,5,1,2,2
6798,1,6,4,1,
6799,2,6,4,2,2
6800,1,3,2,2,1
6801,2,3,2,2,1
6802,1,2,1,2,2
6803,1,6,3,2,1
6804,2,5,2,2,2
6805,2,5,2,1,
6806,1,4,3,2,1
6807,2,6,1,1,
6808,1,3,4,2,1
6809,1,6,2,2,1
6810,1,1,4,2,2
6811,2,4,2,2,2
6812,1,6,2,2,2
6813,2,3,2,1,
6814,1,5,4,2,2
6815,2,3,1,1,
6816,2,4,1,1,
6817,1,4,4,2,2
6818,2,6,2,2,2
6819,2,1,4,2,1
6820,1,5,2,2,2
6821,2,2,2,2,1
6822,1,2,1,1,
6823,1,1,3,1,
6824,2,4,2,2,1
6825,2,6,4,2,1
6826,1,1,4,2,1
6827,2,3,4,2,2
6828,1,3,2,2,2
6829,1,1,4,1,
6830,2,6,2,1,
6831,2,2,1,2,2
6832,1,4,1,2,2
6833,1,2,3,2,1
6834,1,4,4,2,1
6835,2,3,1,2,2
6836,1,1,1,2,1
6837,2,6,3,2,1
6838,2,5,2,2,1
6839,1,2,4,1,
6840,2,3,3,2,1
6841,1,2,3,2,2
6842,1,1,3,2,1
6843,1,5,1,1,
6844,2,3,2,2,2
6845,1,4,2,2,1
6846,1,6,4,2,2
6847,1,2,4,2,1
6848,2,2,4,2,2
6849,1,2,4,2,2
6850,2,1,2,1,
6851,1,2,2,2,1
6852,2,1,2,2,2
6853,1,6,1,2,1
6854,2,5,4,1,
6855,2,2,4,1,
6856,2,4,1,2,2
6857,2,4,3,2,2
6858,1,4,4,1,
6859,2,6,3,2,2
6860,2,1,2,2,1
6861,2,2,2,1,
6862,2,5,1,2,2
6863,1,4,1,2,1
6864,2,5,3,2,2
6865,1,6,4,2,1
6866,2,1,3,1,
6867,2,3,3,2,2
6868,1,3,4,2,2
6869,2,6,2,2,1
6870,2,5,4,2,1
6871,2,4,3,2,1
6872,2,2,3,1,
6873,2,6,1,2,2
6874,2,1,1,2,1
6875,1,2,3,1,
6876,1,4,3,1,
6877,1,5,4,2,1
6878,2,6,3,1,
6879,1,2,2,2,2
6880,2,5,4,2,2
6881,2,5,1,2,1
6882,1,5,3,2,1
6883,2,5,1,1,
6884,1,5,1,2,1
6885,1,3,1,2,1
6886,2,2,4,2,1
6887,1,6,3,1,
6888,2,4,4,2,1
6889,2,1,3,2,2
6890,1,3,1,1,
6891,2,4,1,2,1
6892,2,1,4,2,2
6893,2,3,4,1,
6894,2,4,4,2,2
6895,2,6,1,2,1
6896,1,1,2,1,
6897,2,1,3,2,1
6898,1,1,2,2,1
6899,1,4,1,1,
6900,2,2,3,2,2
6901,2,2,2,2,2
6902,1,4,3,2,2
6903,2,6,4,1,
6904,2,2,1,1,
6905,1,3,3,2,1
6906,2,2,3,2,1
6907,2,3,4,2,1
6908,1,4,2,2,2
6909,1,6,1,1,
6910,1,3,2,1,
6911,2,5,3,1,
6912,1,5,3,1,
6913,1,1,2,2,2
6914,1,3,4,1,
6915,1,5,2,1,
6916,1,5,2,2,1
6917,1,1,3,2,2
6918,1,6,2,1,
6919,1,5,3,2,2
6920,1,3,3,1,
6921,2,3,1,2,1
6922,2,4,4,1,
6923,2,1,1,1,
6924,2,3,3,1,
6925,1,2,2,1,
6926,2,1,1,2,2
6927,1,2,1,2,1
6928,1,1,1,1,
6929,1,6,1,2,2
6930,2,2,1,2,1
6931,1,4,2,1,
6932,2,1,4,1,
6933,2,4,3,1,
6934,1,5,4,1,
6935,2,5,3,2,1
6936,2,4,2,1,
6937,1,6,3,2,2
6938,1,1,1,2,2
6939,1,3,1,2,2
6940,1,3,3,2,2
6941,1,5,1,2,2
6942,1,6,4,1,
6943,2,6,4,2,2
6944,1,3,2,2,1
6945,2,3,2,2,1
6946,1,2,1,2,2
6947,1,6,3,2,1
6948,2,5,2,2,2
6949,2,5,2,1,
6950,1,4,3,2,1
6951,2,6,1,1,
6952,1,3,4,2,1
6953,1,6,2,2,1
6954,1,1,4,2,2
6955,2,4,2,2,2
6956,1,6,2,2,2
6957,2,3,2,1,
6958,1,5,4,2,2
6959,2,3,1,1,
6960,2,4,1,1,
6961,1,4,4,2,2
6962,2,6,2,2,2
6963,2,1,4,2,1
6964,1,5,2,2,2
6965,2,2,2,2,1
6966,1,2,1,1,
6967,1,1,3,1,
6968,2,4,2,2,1
6969,2,6,4,2,1
6970,1,1,4,2,1
6971,2,3,4,2,2
6972,1,3,2,2,2
6973,1,1,4,1,
6974,2,6,2,1,
6975,2,2,1,2,2
6976,1,4,1,2,2
6977,1,2,3,2,1
6978,1,4,4,2,1
6979,2,3,1,2,2
6980,1,1,1,2,1
6981,2,6,3,2,1
6982,2,5,2,2,1
6983,1,2,4,1,
6984,2,3,3,2,1
6985,1,2,3,2,2
6986,1,1,3,2,1
6987,1,5,1,1,
6988,2,3,2,2,2
6989,1,4,2,2,1
6990,1,6,4,2,2
6991,1,2,4,2,1
6992,2,2,4,2,2
6993,1,2,4,2,2
6994,2,1,2,1,
6995,1,2,2,2,1
6996,2,1,2,2,2
6997,1,6,1,2,1
6998,2,5,4,1,
6999,2,2,4,1,
7000,2,4,1,2,2
7001,2,4,3,2,2
7002,1,4,4,1,
7003,2,6,3,2,2
7004,2,1,2,2,1
7005,2,2,2,1,
7006,2,5,1,2,2
7007,1,4,1,2,1
7008,2,5,3,2,2
7009,1,6,4,2,1
7010,2,1,3,1,
7011,2,3,3,2,2
7012,1,3,4,2,2
7013,2,6,2,2,1
7014,2,5,4,2,1
7015,2,4,3,2,1
7016,2,2,3,1,
7017,2,6,1,2,2
7018,2,1,1,2,1
7019,1,2,3,1,
7020,1,4,3,1,
7021,1,5,4,2,1
7022,2,6,3,1,
7023,1,2,2,2,2
7024,2,5,4,2,2
7025,2,5,1,2,1
7026,1,5,3,2,1
7027,2,5,1,1,
7028,1,5,1,2,1
7029,1,3,1,2,1
7030,2,2,4,2,1
7031,1,6,3,1,
7032,2,4,4,2,1
7033,2,1,3,2,2
7034,1,3,1,1,
7035,2,4,1,2,1
7036,2,1,4,2,2
7037,2,3,4,1,
7038,2,4,4,2,2
7039,2,6,1,2,1
7040,1,1,2,1,
7041,2,1,3,2,1
7042,1,1,2,2,1
7043,1,4,1,1,
7044,2,2,3,2,2
7045,2,2,2,2,2
7046,1,4,3,2,2
7047,2,6,4,1,
7048,2,2,1,1,
7049,1,3,3,2,1
7050,2,2,3,2,1
7051,2,3,4,2,1
7052,1,4,2,2,2
7053,1,6,1,1,
7054,1,3,2,1,
7055,2,5,3,1,
7056,1,5,3,1,
7057,1,1,2,2,2
7058,1,3,4,1,
7059,1,5,2,1,
7060,1,5,2,2,1
7061,1,1,3,2,2
7062,1,6,2,1,
7063,1,5,3,2,2
7064,1,3,3,1,
7065,2,3,1,2,1
7066,2,4,4,1,
7067,2,1,1,1,
7068,2,3,3,1,
7069,1,2,2,1,
7070,2,1,1,2,2
7071,1,2,1,2,1
7072,1,1,1,1,
7073,1,6,1,2,2
7074,2,2,1,2,1
7075,1,4,2,1,
7076,2,1,4,1,
7077,2,4,3,1,
7078,1,5,4,1,
7079,2,5,3,2,1
7080,2,4,2,1,
7081,1,6,3,2,2
7082,1,1,1,2,2
7083,1,3,1,2,2
7084,1,3,3,2,2
7085,1,5,1,2,2
7086,1,6,4,1,
7087,2,6,4,2,2
7088,1,3,2,2,1
7089,2,3,2,2,1
7090,1,2,1,2,2
7091,1,6,3,2,1
7092,2,5,2,2,2
7093,2,5,2,1,
7094,1,4,3,2,1
7095,2,6,1,1,
7096,1,3,4,2,1
7097,1,6,2,2,1
7098,1,1,4,2,2
7099,2,4,2,2,2
7100,1,6,2,2,2
7101,2,3,2,1,
7102,1,5,4,2,2
7103,2,3,1,1,
7104,2,4,1,1,
7105,1,4,4,2,2
7106,2,6,2,2,2
7107,2,1,4,2,1
7108,1,5,2,2,2
7109,2,2,2,2,1
7110,1,2,1,1,
7111,1,1,3,1,
7112,2,4,2,2,1
7113,2,6,4,2,1
7114,1,1,4,2,1
7115,2,3,4,2,2
7116,1,3,2,2,2
7117,1,1,4,1,
7118,2,6,2,1,
7119,2,2,1,2,2
7120,1,4,1,2,2
7121,1,2,3,2,1
7122,1,4,4,2,1
